Filename,YMD,Start_time,End_time,id,Degree,Coeff,null
SVDNB_npp_d20220716_t1804244_e1805485_b55535_c20220717002433222842_oeac_ops.h5,20220716,t1804244,e1805485,b55535_c20220717002433222842,3,-2.127e-05; 0.043241; -28.2729;,0
SVDNB_npp_d20220716_t1805498_e1807139_b55535_c20220716192959166183_oeac_ops.h5,20220716,t1805498,e1807139,b55535_c20220716192959166183,3,0; 0; 0;,0
SVDNB_npp_d20220717_t1745287_e1746529_b55549_c20220717191044993662_oeac_ops.h5,20220717,t1745287,e1746529,b55549_c20220717191044993662,3,-0.0002695; 0.31646; -122.7544;,0
SVDNB_npp_d20220717_t1746541_e1748183_b55549_c20220717230718517492_oeac_ops.h5,20220717,t1746541,e1748183,b55549_c20220717230718517492,3,2.7334e-06; -0.0012104; 0.91319;,0
SVDNB_npp_d20220716_t1110275_e1111517_b55531_c20220716123932136547_oeac_ops.h5,20220716,t1110275,e1111517,b55531_c20220716123932136547,3,0; 0; 0;,0
SVDNB_npp_d20220716_t1111529_e1113171_b55531_c20220716161245682397_oeac_ops.h5,20220716,t1111529,e1113171,b55531_c20220716161245682397,3,0; 0; 0;,0
SVDNB_npp_d20220716_t1251277_e1252519_b55532_c20220716181357981383_oeac_ops.h5,20220716,t1251277,e1252519,b55532_c20220716181357981383,3,1.3695e-05; -0.030876; 24.1387;,0
SVDNB_npp_d20220716_t1252531_e1254173_b55532_c20220716181357981383_oeac_ops.h5,20220716,t1252531,e1254173,b55532_c20220716181357981383,3,-2.2098e-05; 0.038316; -21.2774;,0
SVDNB_npp_d20220717_t1232321_e1233563_b55546_c20220717140055978578_oeac_ops.h5,20220717,t1232321,e1233563,b55546_c20220717140055978578,3,-3.2024e-06; 0.0061741; -2.6979;,0
SVDNB_npp_d20220717_t1233575_e1235217_b55546_c20220717174127667930_oeac_ops.h5,20220717,t1233575,e1235217,b55546_c20220717174127667930,3,3.0227e-06; -0.0045766; 2.7922;,0
SVDNB_npp_d20220716_t1111529_e1113171_b55531_c20220716161245682397_oeac_ops.h5,20220716,t1111529,e1113171,b55531_c20220716161245682397,3,0; 0; 0;,0
SVDNB_npp_d20220716_t1251277_e1252519_b55532_c20220716181357981383_oeac_ops.h5,20220716,t1251277,e1252519,b55532_c20220716181357981383,3,1.3695e-05; -0.030876; 24.1387;,0
SVDNB_npp_d20220716_t1252531_e1254173_b55532_c20220716181357981383_oeac_ops.h5,20220716,t1252531,e1254173,b55532_c20220716181357981383,3,-2.2098e-05; 0.038316; -21.2774;,0
SVDNB_npp_d20220708_t1028229_e1029471_b55417_c20220708155646366494_oeac_ops.h5,20220708,t1028229,e1029471,b55417_c20220708155646366494,3,3.9552e-08; -0.00019662; 0.29122;,0
SVDNB_npp_d20220708_t1200507_e1202149_b55418_c20220708171941672567_oeac_ops.h5,20220708,t1200507,e1202149,b55418_c20220708171941672567,3,8.0912e-08; -0.00030136; 0.39485;,0
SVDNB_npp_d20220708_t1202161_e1203403_b55418_c20220708171941672567_oeac_ops.h5,20220708,t1202161,e1203403,b55418_c20220708171941672567,3,7.1154e-08; -0.00029324; 0.42585;,0
SVDNB_npp_d20220709_t1141551_e1143192_b55432_c20220709170301335227_oeac_ops.h5,20220709,t1141551,e1143192,b55432_c20220709170301335227,3,6.674e-08; -0.00028212; 0.38669;,0
SVDNB_npp_d20220709_t1143205_e1144446_b55432_c20220709170301335227_oeac_ops.h5,20220709,t1143205,e1144446,b55432_c20220709170301335227,3,2.2605e-08; -0.00021089; 0.39285;,0
SVDNB_npp_d20220709_t1322552_e1324194_b55433_c20220709184404244872_oeac_ops.h5,20220709,t1322552,e1324194,b55433_c20220709184404244872,3,7.9167e-08; -0.00029159; 0.39306;,0
SVDNB_npp_d20220708_t1028229_e1029471_b55417_c20220708155646366494_oeac_ops.h5,20220708,t1028229,e1029471,b55417_c20220708155646366494,3,3.9552e-08; -0.00019662; 0.29122;,0
SVDNB_npp_d20220708_t1200507_e1202149_b55418_c20220708171941672567_oeac_ops.h5,20220708,t1200507,e1202149,b55418_c20220708171941672567,3,8.0912e-08; -0.00030136; 0.39485;,0
SVDNB_npp_d20220708_t1202161_e1203403_b55418_c20220708171941672567_oeac_ops.h5,20220708,t1202161,e1203403,b55418_c20220708171941672567,3,7.1154e-08; -0.00029324; 0.42585;,0
SVDNB_npp_d20220709_t1141551_e1143192_b55432_c20220709170301335227_oeac_ops.h5,20220709,t1141551,e1143192,b55432_c20220709170301335227,3,6.674e-08; -0.00028212; 0.38669;,0
SVDNB_npp_d20220709_t1143205_e1144446_b55432_c20220709170301335227_oeac_ops.h5,20220709,t1143205,e1144446,b55432_c20220709170301335227,3,2.2605e-08; -0.00021089; 0.39285;,0
SVDNB_npp_d20220709_t1322552_e1324194_b55433_c20220709184404244872_oeac_ops.h5,20220709,t1322552,e1324194,b55433_c20220709184404244872,3,7.9167e-08; -0.00029159; 0.39306;,0
SVDNB_npp_d20220713_t1207127_e1208369_b55489_c20220713171324704130_oeac_ops.h5,20220713,t1207127,e1208369,b55489_c20220713171324704130,3,-6.478e-05; 0.20303; -210.1189;,0
SVDNB_npp_d20220713_t1208381_e1210023_b55489_c20220713133555973346_oeac_ops.h5,20220713,t1208381,e1210023,b55489_c20220713133555973346,3,0; 0; 0;,0
SVDNB_npp_d20220714_t1148188_e1149412_b55503_c20220714131719705091_oeac_ops.h5,20220714,t1148188,e1149412,b55503_c20220714131719705091,3,0; 0; 0;,0
SVDNB_npp_d20220714_t1149424_e1151066_b55503_c20220714131717759183_oeac_ops.h5,20220714,t1149424,e1151066,b55503_c20220714131717759183,3,0; 0; 0;,0
SVDNB_npp_d20220714_t1329172_e1330414_b55504_c20220714185134641152_oeac_ops.h5,20220714,t1329172,e1330414,b55504_c20220714185134641152,3,-0.0055932; 12.4437; -9221.5868;,0
SVDNB_npp_d20220714_t1330426_e1332068_b55504_c20220714185134641152_oeac_ops.h5,20220714,t1330426,e1332068,b55504_c20220714185134641152,3,-0.00010138; 0.24416; -192.7189;,0
SVDNB_npp_d20220715_t1129232_e1130473_b55517_c20220715164114738619_oeac_ops.h5,20220715,t1129232,e1130473,b55517_c20220715164114738619,3,0; 0; 0;,0
SVDNB_npp_d20220715_t1130486_e1132128_b55517_c20220715125833178148_oeac_ops.h5,20220715,t1130486,e1132128,b55517_c20220715125833178148,3,0; 0; 0;,0
SVDNB_npp_d20220715_t1310216_e1311458_b55518_c20220715181055155288_oeac_ops.h5,20220715,t1310216,e1311458,b55518_c20220715181055155288,3,-0.00013263; 0.28775; -206.4194;,0
SVDNB_npp_d20220715_t1311470_e1313112_b55518_c20220715143853758214_oeac_ops.h5,20220715,t1311470,e1313112,b55518_c20220715143853758214,3,5.0644e-05; -0.11051; 80.0322;,0
SVDNB_npp_d20220716_t1110275_e1111517_b55531_c20220716123932136547_oeac_ops.h5,20220716,t1110275,e1111517,b55531_c20220716123932136547,3,0; 0; 0;,0
SVDNB_npp_d20220716_t1111529_e1113171_b55531_c20220716161245682397_oeac_ops.h5,20220716,t1111529,e1113171,b55531_c20220716161245682397,3,0; 0; 0;,0
SVDNB_npp_d20220716_t1251277_e1252519_b55532_c20220716181357981383_oeac_ops.h5,20220716,t1251277,e1252519,b55532_c20220716181357981383,3,1.3973e-05; -0.031108; 24.0811;,0
SVDNB_npp_d20220716_t1252531_e1254173_b55532_c20220716181357981383_oeac_ops.h5,20220716,t1252531,e1254173,b55532_c20220716181357981383,3,-2.215e-05; 0.038582; -21.5636;,0
SVDNB_npp_d20220717_t1232321_e1233563_b55546_c20220717140055978578_oeac_ops.h5,20220717,t1232321,e1233563,b55546_c20220717140055978578,3,0.00019493; -0.43543; 324.7151;,0
SVDNB_npp_d20220717_t1233575_e1235217_b55546_c20220717174127667930_oeac_ops.h5,20220717,t1233575,e1235217,b55546_c20220717174127667930,3,-9.4361e-06; 0.014411; -6.6562;,0
SVDNB_npp_d20220718_t1213364_e1215006_b55560_c20220718134048844372_oeac_ops.h5,20220718,t1213364,e1215006,b55560_c20220718134048844372,3,-2.2397e-07; 0.00048261; 0.27483;,0
SVDNB_npp_d20220718_t1215018_e1216260_b55560_c20220718134047337905_oeac_ops.h5,20220718,t1215018,e1216260,b55560_c20220718134047337905,3,-9.6822e-07; 0.0007082; 0.24313;,0
SVDNB_npp_d20220713_t1207127_e1208369_b55489_c20220713171324704130_oeac_ops.h5,20220713,t1207127,e1208369,b55489_c20220713171324704130,3,-6.478e-05; 0.20303; -210.1189;,0
SVDNB_npp_d20220713_t1208381_e1210023_b55489_c20220713133555973346_oeac_ops.h5,20220713,t1208381,e1210023,b55489_c20220713133555973346,3,0; 0; 0;,0
SVDNB_npp_d20220714_t1148188_e1149412_b55503_c20220714131719705091_oeac_ops.h5,20220714,t1148188,e1149412,b55503_c20220714131719705091,3,0; 0; 0;,0
SVDNB_npp_d20220714_t1149424_e1151066_b55503_c20220714131717759183_oeac_ops.h5,20220714,t1149424,e1151066,b55503_c20220714131717759183,3,0; 0; 0;,0
SVDNB_npp_d20220714_t1329172_e1330414_b55504_c20220714185134641152_oeac_ops.h5,20220714,t1329172,e1330414,b55504_c20220714185134641152,3,-0.0055932; 12.4437; -9221.5868;,0
SVDNB_npp_d20220714_t1330426_e1332068_b55504_c20220714185134641152_oeac_ops.h5,20220714,t1330426,e1332068,b55504_c20220714185134641152,3,-0.00010138; 0.24416; -192.7189;,0
SVDNB_npp_d20220715_t1129232_e1130473_b55517_c20220715164114738619_oeac_ops.h5,20220715,t1129232,e1130473,b55517_c20220715164114738619,3,0; 0; 0;,0
SVDNB_npp_d20220715_t1130486_e1132128_b55517_c20220715125833178148_oeac_ops.h5,20220715,t1130486,e1132128,b55517_c20220715125833178148,3,0; 0; 0;,0
SVDNB_npp_d20220715_t1310216_e1311458_b55518_c20220715181055155288_oeac_ops.h5,20220715,t1310216,e1311458,b55518_c20220715181055155288,3,-0.00013263; 0.28775; -206.4194;,0
SVDNB_npp_d20220715_t1311470_e1313112_b55518_c20220715143853758214_oeac_ops.h5,20220715,t1311470,e1313112,b55518_c20220715143853758214,3,5.0644e-05; -0.11051; 80.0322;,0
SVDNB_npp_d20220716_t1110275_e1111517_b55531_c20220716123932136547_oeac_ops.h5,20220716,t1110275,e1111517,b55531_c20220716123932136547,3,0; 0; 0;,0
SVDNB_npp_d20220716_t1111529_e1113171_b55531_c20220716161245682397_oeac_ops.h5,20220716,t1111529,e1113171,b55531_c20220716161245682397,3,0; 0; 0;,0
SVDNB_npp_d20220715_t1129232_e1130473_b55517_c20220715164114738619_oeac_ops.h5,20220715,t1129232,e1130473,b55517_c20220715164114738619,3,1.7041e-07; -0.00012202; 0.93273;,0
SVDNB_npp_d20220715_t1130486_e1132128_b55517_c20220715125833178148_oeac_ops.h5,20220715,t1130486,e1132128,b55517_c20220715125833178148,3,1.4833e-06; -0.0023253; 2.674;,0
SVDNB_npp_d20220715_t1310216_e1311458_b55518_c20220715181055155288_oeac_ops.h5,20220715,t1310216,e1311458,b55518_c20220715181055155288,3,-5.4247e-07; 0.00084998; 1.0415;,0
SVDNB_npp_d20220715_t1311470_e1313112_b55518_c20220715143853758214_oeac_ops.h5,20220715,t1311470,e1313112,b55518_c20220715143853758214,3,-3.2236e-08; -0.00050655; 1.9632;,0
SVDNB_npp_d20220716_t1110275_e1111517_b55531_c20220716123932136547_oeac_ops.h5,20220716,t1110275,e1111517,b55531_c20220716123932136547,3,1.0771e-07; 8.3647e-05; 0.62803;,0
SVDNB_npp_d20220716_t1111529_e1113171_b55531_c20220716161245682397_oeac_ops.h5,20220716,t1111529,e1113171,b55531_c20220716161245682397,3,-4.8749e-07; 0.0013523; 0.78445;,0
SVDNB_npp_d20220716_t1251277_e1252519_b55532_c20220716181357981383_oeac_ops.h5,20220716,t1251277,e1252519,b55532_c20220716181357981383,3,1.3973e-05; -0.031108; 24.0811;,0
SVDNB_npp_d20220716_t1252531_e1254173_b55532_c20220716181357981383_oeac_ops.h5,20220716,t1252531,e1254173,b55532_c20220716181357981383,3,-2.215e-05; 0.038582; -21.5636;,0
SVDNB_npp_d20220717_t1232321_e1233563_b55546_c20220717140055978578_oeac_ops.h5,20220717,t1232321,e1233563,b55546_c20220717140055978578,3,0.00019493; -0.43543; 324.7151;,0
SVDNB_npp_d20220717_t1233575_e1235217_b55546_c20220717174127667930_oeac_ops.h5,20220717,t1233575,e1235217,b55546_c20220717174127667930,3,-9.4361e-06; 0.014411; -6.6562;,0
SVDNB_npp_d20220718_t1213364_e1215006_b55560_c20220718134048844372_oeac_ops.h5,20220718,t1213364,e1215006,b55560_c20220718134048844372,3,-2.2397e-07; 0.00048261; 0.27483;,0
SVDNB_npp_d20220718_t1215018_e1216260_b55560_c20220718134047337905_oeac_ops.h5,20220718,t1215018,e1216260,b55560_c20220718134047337905,3,-9.6822e-07; 0.0007082; 0.24313;,0
SVDNB_npp_d20220713_t1207127_e1208369_b55489_c20220713171324704130_oeac_ops.h5,20220713,t1207127,e1208369,b55489_c20220713171324704130,3,-6.478e-05; 0.20303; -210.1189;,0
SVDNB_npp_d20220713_t1208381_e1210023_b55489_c20220713133555973346_oeac_ops.h5,20220713,t1208381,e1210023,b55489_c20220713133555973346,3,0; 0; 0;,0
SVDNB_npp_d20220713_t1720111_e1721353_b55492_c20220713223140283596_oeac_ops.h5,20220713,t1720111,e1721353,b55492_c20220713223140283596,3,0; 0; 0;,0
SVDNB_npp_d20220713_t1721365_e1722589_b55492_c20220713184501198229_oeac_ops.h5,20220713,t1721365,e1722589,b55492_c20220713184501198229,3,0; 0; 0;,0
SVDNB_npp_d20220713_t1901095_e1902337_b55493_c20220714001425080341_oeac_ops.h5,20220713,t1901095,e1902337,b55493_c20220714001425080341,3,0; 0; 0;,0
SVDNB_npp_d20220714_t1148188_e1149412_b55503_c20220714131719705091_oeac_ops.h5,20220714,t1148188,e1149412,b55503_c20220714131719705091,3,0; 0; 0;,0
SVDNB_npp_d20220714_t1149424_e1151066_b55503_c20220714131717759183_oeac_ops.h5,20220714,t1149424,e1151066,b55503_c20220714131717759183,3,0; 0; 0;,0
SVDNB_npp_d20220714_t1329172_e1330414_b55504_c20220714185134641152_oeac_ops.h5,20220714,t1329172,e1330414,b55504_c20220714185134641152,3,-0.0055932; 12.4437; -9221.5868;,0
SVDNB_npp_d20220714_t1330426_e1332068_b55504_c20220714185134641152_oeac_ops.h5,20220714,t1330426,e1332068,b55504_c20220714185134641152,3,-0.00010138; 0.24416; -192.7189;,0
SVDNB_npp_d20220714_t1701154_e1702396_b55506_c20220714182601090612_oeac_ops.h5,20220714,t1701154,e1702396,b55506_c20220714182601090612,3,0; 0; 0;,0
SVDNB_npp_d20220714_t1702409_e1704050_b55506_c20220714182603714171_oeac_ops.h5,20220714,t1702409,e1704050,b55506_c20220714182603714171,3,0; 0; 0;,0
SVDNB_npp_d20220714_t1842156_e1843380_b55507_c20220715000044521749_oeac_ops.h5,20220714,t1842156,e1843380,b55507_c20220715000044521749,3,0; 0; 0;,0
SVDNB_npp_d20220715_t1129232_e1130473_b55517_c20220715164114738619_oeac_ops.h5,20220715,t1129232,e1130473,b55517_c20220715164114738619,3,0; 0; 0;,0
SVDNB_npp_d20220715_t1130486_e1132128_b55517_c20220715125833178148_oeac_ops.h5,20220715,t1130486,e1132128,b55517_c20220715125833178148,3,0; 0; 0;,0
SVDNB_npp_d20220715_t1310216_e1311458_b55518_c20220715181055155288_oeac_ops.h5,20220715,t1310216,e1311458,b55518_c20220715181055155288,3,-0.00013263; 0.28775; -206.4194;,0
SVDNB_npp_d20220715_t1311470_e1313112_b55518_c20220715143853758214_oeac_ops.h5,20220715,t1311470,e1313112,b55518_c20220715143853758214,3,5.0644e-05; -0.11051; 80.0322;,0
SVDNB_npp_d20220715_t1823200_e1824442_b55521_c20220715234350432672_oeac_ops.h5,20220715,t1823200,e1824442,b55521_c20220715234350432672,3,0.010464; -31.9711; 32021.9569;,0
SVDNB_npp_d20220715_t1824454_e1826096_b55521_c20220715194918993730_oeac_ops.h5,20220715,t1824454,e1826096,b55521_c20220715194918993730,3,-0.00048351; 1.3164; -1188.5118;,0
SVDNB_npp_d20220716_t1110275_e1111517_b55531_c20220716123932136547_oeac_ops.h5,20220716,t1110275,e1111517,b55531_c20220716123932136547,3,0; 0; 0;,0
SVDNB_npp_d20220716_t1111529_e1113171_b55531_c20220716161245682397_oeac_ops.h5,20220716,t1111529,e1113171,b55531_c20220716161245682397,3,0; 0; 0;,0
SVDNB_npp_d20220716_t1251277_e1252519_b55532_c20220716181357981383_oeac_ops.h5,20220716,t1251277,e1252519,b55532_c20220716181357981383,3,1.3973e-05; -0.031108; 24.0811;,0
SVDNB_npp_d20220716_t1252531_e1254173_b55532_c20220716181357981383_oeac_ops.h5,20220716,t1252531,e1254173,b55532_c20220716181357981383,3,-2.215e-05; 0.038582; -21.5636;,0
SVDNB_npp_d20220716_t1804244_e1805485_b55535_c20220717002433222842_oeac_ops.h5,20220716,t1804244,e1805485,b55535_c20220717002433222842,3,-2.664e-05; 0.055598; -37.6773;,0
SVDNB_npp_d20220716_t1805498_e1807139_b55535_c20220716192959166183_oeac_ops.h5,20220716,t1805498,e1807139,b55535_c20220716192959166183,3,0; 0; 0;,0
SVDNB_npp_d20220713_t1207127_e1208369_b55489_c20220713171324704130_oeac_ops.h5,20220713,t1207127,e1208369,b55489_c20220713171324704130,3,-6.478e-05; 0.20303; -210.1189;,0
SVDNB_npp_d20220713_t1208381_e1210023_b55489_c20220713133555973346_oeac_ops.h5,20220713,t1208381,e1210023,b55489_c20220713133555973346,3,0; 0; 0;,0
SVDNB_npp_d20220713_t1720111_e1721353_b55492_c20220713223140283596_oeac_ops.h5,20220713,t1720111,e1721353,b55492_c20220713223140283596,3,0; 0; 0;,0
SVDNB_npp_d20220713_t1721365_e1722589_b55492_c20220713184501198229_oeac_ops.h5,20220713,t1721365,e1722589,b55492_c20220713184501198229,3,0; 0; 0;,0
SVDNB_npp_d20220713_t1901095_e1902337_b55493_c20220714001425080341_oeac_ops.h5,20220713,t1901095,e1902337,b55493_c20220714001425080341,3,0; 0; 0;,0
SVDNB_npp_d20220714_t1148188_e1149412_b55503_c20220714131719705091_oeac_ops.h5,20220714,t1148188,e1149412,b55503_c20220714131719705091,3,0; 0; 0;,0
SVDNB_npp_d20220716_t1110275_e1111517_b55531_c20220716123932136547_oeac_ops.h5,20220716,t1110275,e1111517,b55531_c20220716123932136547,3,0; 0; 0;,0
SVDNB_npp_d20220716_t1111529_e1113171_b55531_c20220716161245682397_oeac_ops.h5,20220716,t1111529,e1113171,b55531_c20220716161245682397,3,0; 0; 0;,0
SVDNB_npp_d20220716_t1251277_e1252519_b55532_c20220716181357981383_oeac_ops.h5,20220716,t1251277,e1252519,b55532_c20220716181357981383,3,1.3973e-05; -0.031108; 24.0811;,0
SVDNB_npp_d20220716_t1252531_e1254173_b55532_c20220716181357981383_oeac_ops.h5,20220716,t1252531,e1254173,b55532_c20220716181357981383,3,-2.215e-05; 0.038582; -21.5636;,0
SVDNB_npp_d20220716_t1804244_e1805485_b55535_c20220717002433222842_oeac_ops.h5,20220716,t1804244,e1805485,b55535_c20220717002433222842,3,-2.664e-05; 0.055598; -37.6773;,0
SVDNB_npp_d20220716_t1805498_e1807139_b55535_c20220716192959166183_oeac_ops.h5,20220716,t1805498,e1807139,b55535_c20220716192959166183,3,0; 0; 0;,0
SVDNB_npp_d20220717_t1232321_e1233563_b55546_c20220717140055978578_oeac_ops.h5,20220717,t1232321,e1233563,b55546_c20220717140055978578,3,0.00019493; -0.43543; 324.7151;,0
SVDNB_npp_d20220717_t1233575_e1235217_b55546_c20220717174127667930_oeac_ops.h5,20220717,t1233575,e1235217,b55546_c20220717174127667930,3,-9.4361e-06; 0.014411; -6.6562;,0
SVDNB_npp_d20220717_t1745287_e1746529_b55549_c20220717191044993662_oeac_ops.h5,20220717,t1745287,e1746529,b55549_c20220717191044993662,3,-0.00026763; 0.31429; -121.9187;,0
SVDNB_npp_d20220717_t1746541_e1748183_b55549_c20220717230718517492_oeac_ops.h5,20220717,t1746541,e1748183,b55549_c20220717230718517492,3,5.7905e-05; -0.077146; 34.9896;,0
SVDNB_npp_d20220718_t1213364_e1215006_b55560_c20220718134048844372_oeac_ops.h5,20220718,t1213364,e1215006,b55560_c20220718134048844372,3,-2.2397e-07; 0.00048261; 0.27483;,0
SVDNB_npp_d20220718_t1215018_e1216260_b55560_c20220718134047337905_oeac_ops.h5,20220718,t1215018,e1216260,b55560_c20220718134047337905,3,-9.6822e-07; 0.0007082; 0.24313;,0
SVDNB_npp_d20220718_t1726331_e1727572_b55563_c20220718185156303846_oebc_ops.h5,20220718,t1726331,e1727572,b55563_c20220718185156303846,3,-4.5087e-07; 0.00049585; 0.45446;,0
SVDNB_npp_d20220718_t1727585_e1729226_b55563_c20220718185154834946_oebc_ops.h5,20220718,t1727585,e1729226,b55563_c20220718185154834946,3,-4.7684e-06; 0.0071989; -2.8743;,0
SVDNB_npp_d20220718_t1907333_e1908574_b55564_c20220718203350177602_oebc_ops.h5,20220718,t1907333,e1908574,b55564_c20220718203350177602,3,0.0021724; -0.80625; 99.7166;,0
SVDNB_npp_d20220529_t1250458_e1252100_b54851_c20220529142312957078_oeac_ops.h5,20220529,t1250458,e1252100,b54851_c20220529142312957078,3,6.7577e-08; -0.00027428; 0.37819;,0
SVDNB_npp_d20220529_t1252112_e1253354_b54851_c20220529142318453346_oeac_ops.h5,20220529,t1252112,e1253354,b54851_c20220529142318453346,3,5.7065e-08; -0.00026686; 0.40637;,0
SVDNB_npp_d20220530_t1231501_e1233143_b54865_c20220530140201018039_oeac_ops.h5,20220530,t1231501,e1233143,b54865_c20220530140201018039,3,1.0189e-07; -0.00033591; 0.41289;,0
SVDNB_npp_d20220530_t1233155_e1234397_b54865_c20220530140158500294_oeac_ops.h5,20220530,t1233155,e1234397,b54865_c20220530140158500294,3,4.3502e-08; -0.0002379; 0.39165;,0
SVDNB_npp_d20220531_t1212545_e1214187_b54879_c20220531134403291810_oeac_ops.h5,20220531,t1212545,e1214187,b54879_c20220531134403291810,3,1.035e-07; -0.0003365; 0.40738;,0
SVDNB_npp_d20220531_t1214199_e1215441_b54879_c20220531134411840837_oeac_ops.h5,20220531,t1214199,e1215441,b54879_c20220531134411840837,3,1.1082e-07; -0.00035324; 0.43977;,0
SVDNB_npp_d20220529_t1250458_e1252100_b54851_c20220529142312957078_oeac_ops.h5,20220529,t1250458,e1252100,b54851_c20220529142312957078,3,6.7577e-08; -0.00027428; 0.37819;,0
SVDNB_npp_d20220529_t1252112_e1253354_b54851_c20220529142318453346_oeac_ops.h5,20220529,t1252112,e1253354,b54851_c20220529142318453346,3,5.7065e-08; -0.00026686; 0.40637;,0
SVDNB_npp_d20220530_t1231501_e1233143_b54865_c20220530140201018039_oeac_ops.h5,20220530,t1231501,e1233143,b54865_c20220530140201018039,3,1.0189e-07; -0.00033591; 0.41289;,0
SVDNB_npp_d20220530_t1233155_e1234397_b54865_c20220530140158500294_oeac_ops.h5,20220530,t1233155,e1234397,b54865_c20220530140158500294,3,4.3502e-08; -0.0002379; 0.39165;,0
SVDNB_npp_d20220531_t1212545_e1214187_b54879_c20220531134403291810_oeac_ops.h5,20220531,t1212545,e1214187,b54879_c20220531134403291810,3,1.035e-07; -0.0003365; 0.40738;,0
SVDNB_npp_d20220531_t1214199_e1215441_b54879_c20220531134411840837_oeac_ops.h5,20220531,t1214199,e1215441,b54879_c20220531134411840837,3,1.1082e-07; -0.00035324; 0.43977;,0
SVDNB_npp_d20220529_t1250458_e1252100_b54851_c20220529142312957078_oeac_ops.h5,20220529,t1250458,e1252100,b54851_c20220529142312957078,3,8.4467e-08; -0.00030583; 0.39504;,0
SVDNB_npp_d20220529_t1252112_e1253354_b54851_c20220529142318453346_oeac_ops.h5,20220529,t1252112,e1253354,b54851_c20220529142318453346,3,5.7896e-08; -0.00026921; 0.40819;,0
SVDNB_npp_d20220530_t1231501_e1233143_b54865_c20220530140201018039_oeac_ops.h5,20220530,t1231501,e1233143,b54865_c20220530140201018039,3,1.0092e-07; -0.0003345; 0.41231;,0
SVDNB_npp_d20220530_t1233155_e1234397_b54865_c20220530140158500294_oeac_ops.h5,20220530,t1233155,e1234397,b54865_c20220530140158500294,3,4.6004e-08; -0.00024352; 0.39527;,0
SVDNB_npp_d20220531_t1212545_e1214187_b54879_c20220531134403291810_oeac_ops.h5,20220531,t1212545,e1214187,b54879_c20220531134403291810,3,1.0293e-07; -0.00033652; 0.40795;,0
SVDNB_npp_d20220531_t1214199_e1215441_b54879_c20220531134411840837_oeac_ops.h5,20220531,t1214199,e1215441,b54879_c20220531134411840837,3,1.0704e-07; -0.00034739; 0.43725;,0
SVDNB_npp_d20220529_t1250458_e1252100_b54851_c20220529142312957078_oeac_ops.h5,20220529,t1250458,e1252100,b54851_c20220529142312957078,3,8.4467e-08; -0.00030583; 0.39504;,0
SVDNB_npp_d20220529_t1252112_e1253354_b54851_c20220529142318453346_oeac_ops.h5,20220529,t1252112,e1253354,b54851_c20220529142318453346,3,5.7896e-08; -0.00026921; 0.40819;,0
SVDNB_npp_d20220530_t1231501_e1233143_b54865_c20220530140201018039_oeac_ops.h5,20220530,t1231501,e1233143,b54865_c20220530140201018039,3,1.0092e-07; -0.0003345; 0.41231;,0
SVDNB_npp_d20220530_t1233155_e1234397_b54865_c20220530140158500294_oeac_ops.h5,20220530,t1233155,e1234397,b54865_c20220530140158500294,3,4.6004e-08; -0.00024352; 0.39527;,0
SVDNB_npp_d20220531_t1212545_e1214187_b54879_c20220531134403291810_oeac_ops.h5,20220531,t1212545,e1214187,b54879_c20220531134403291810,3,1.0293e-07; -0.00033652; 0.40795;,0
SVDNB_npp_d20220531_t1214199_e1215441_b54879_c20220531134411840837_oeac_ops.h5,20220531,t1214199,e1215441,b54879_c20220531134411840837,3,1.0704e-07; -0.00034739; 0.43725;,0
SVDNB_npp_d20220529_t1250458_e1252100_b54851_c20220529142312957078_oeac_ops.h5,20220529,t1250458,e1252100,b54851_c20220529142312957078,3,8.3975e-08; -0.00030447; 0.39412;,0
SVDNB_npp_d20220529_t1252112_e1253354_b54851_c20220529142318453346_oeac_ops.h5,20220529,t1252112,e1253354,b54851_c20220529142318453346,3,5.7798e-08; -0.00026873; 0.40773;,0
SVDNB_npp_d20220530_t1231501_e1233143_b54865_c20220530140201018039_oeac_ops.h5,20220530,t1231501,e1233143,b54865_c20220530140201018039,3,1.0118e-07; -0.00033486; 0.41243;,0
SVDNB_npp_d20220530_t1233155_e1234397_b54865_c20220530140158500294_oeac_ops.h5,20220530,t1233155,e1234397,b54865_c20220530140158500294,3,4.5725e-08; -0.00024241; 0.39433;,0
SVDNB_npp_d20220531_t1212545_e1214187_b54879_c20220531134403291810_oeac_ops.h5,20220531,t1212545,e1214187,b54879_c20220531134403291810,3,1.0316e-07; -0.00033654; 0.40775;,0
SVDNB_npp_d20220531_t1214199_e1215441_b54879_c20220531134411840837_oeac_ops.h5,20220531,t1214199,e1215441,b54879_c20220531134411840837,3,1.0818e-07; -0.00034909; 0.43791;,0
SVDNB_npp_d20220429_t1213522_e1215163_b54425_c20220429134423260382_oebc_ops.h5,20220429,t1213522,e1215163,b54425_c20220429134423260382,3,2.0714e-08; -0.00017692; 0.32693;,0
SVDNB_npp_d20220429_t1215176_e1216417_b54425_c20220429134429495668_oebc_ops.h5,20220429,t1215176,e1216417,b54425_c20220429134429495668,3,6.2468e-08; -0.00024601; 0.31057;,0
SVDNB_npp_d20220430_t1156219_e1157461_b54439_c20220430132506535236_oebc_ops.h5,20220430,t1156219,e1157461,b54439_c20220430132506535236,3,6.7459e-08; -0.00025636; 0.31672;,0
SVDNB_npp_d20220430_t1334313_e1335555_b54440_c20220430150901529459_oebc_ops.h5,20220430,t1334313,e1335555,b54440_c20220430150901529459,3,5.6084e-08; -0.00026501; 0.40224;,0
SVDNB_npp_d20220501_t1136008_e1137250_b54453_c20220501130634228571_oebc_ops.h5,20220501,t1136008,e1137250,b54453_c20220501130634228571,3,1.1221e-07; -0.00033028; 0.39319;,0
SVDNB_npp_d20220501_t1137263_e1138504_b54453_c20220501130634300175_oebc_ops.h5,20220501,t1137263,e1138504,b54453_c20220501130634300175,3,6.1865e-08; -0.00024298; 0.31221;,0
SVDNB_npp_d20220429_t1213522_e1215163_b54425_c20220429134423260382_oebc_ops.h5,20220429,t1213522,e1215163,b54425_c20220429134423260382,3,2.0739e-08; -0.00017696; 0.32695;,0
SVDNB_npp_d20220429_t1215176_e1216417_b54425_c20220429134429495668_oebc_ops.h5,20220429,t1215176,e1216417,b54425_c20220429134429495668,3,6.1865e-08; -0.00024537; 0.31053;,0
SVDNB_npp_d20220430_t1156219_e1157461_b54439_c20220430132506535236_oebc_ops.h5,20220430,t1156219,e1157461,b54439_c20220430132506535236,3,6.7364e-08; -0.00025645; 0.31693;,0
SVDNB_npp_d20220430_t1334313_e1335555_b54440_c20220430150901529459_oebc_ops.h5,20220430,t1334313,e1335555,b54440_c20220430150901529459,3,5.6645e-08; -0.0002661; 0.40285;,0
SVDNB_npp_d20220501_t1136008_e1137250_b54453_c20220501130634228571_oebc_ops.h5,20220501,t1136008,e1137250,b54453_c20220501130634228571,3,1.1054e-07; -0.00032807; 0.39249;,0
SVDNB_npp_d20220501_t1137263_e1138504_b54453_c20220501130634300175_oebc_ops.h5,20220501,t1137263,e1138504,b54453_c20220501130634300175,3,6.2149e-08; -0.00024371; 0.3127;,0
SVDNB_npp_d20220429_t1213522_e1215163_b54425_c20220429134423260382_oebc_ops.h5,20220429,t1213522,e1215163,b54425_c20220429134423260382,3,2.0739e-08; -0.00017696; 0.32695;,0
SVDNB_npp_d20220429_t1215176_e1216417_b54425_c20220429134429495668_oebc_ops.h5,20220429,t1215176,e1216417,b54425_c20220429134429495668,3,6.1865e-08; -0.00024537; 0.31053;,0
SVDNB_npp_d20220430_t1156219_e1157461_b54439_c20220430132506535236_oebc_ops.h5,20220430,t1156219,e1157461,b54439_c20220430132506535236,3,6.7364e-08; -0.00025645; 0.31693;,0
SVDNB_npp_d20220430_t1334313_e1335555_b54440_c20220430150901529459_oebc_ops.h5,20220430,t1334313,e1335555,b54440_c20220430150901529459,3,5.6645e-08; -0.0002661; 0.40285;,0
SVDNB_npp_d20220501_t1136008_e1137250_b54453_c20220501130634228571_oebc_ops.h5,20220501,t1136008,e1137250,b54453_c20220501130634228571,3,1.1054e-07; -0.00032807; 0.39249;,0
SVDNB_npp_d20220501_t1137263_e1138504_b54453_c20220501130634300175_oebc_ops.h5,20220501,t1137263,e1138504,b54453_c20220501130634300175,3,6.2149e-08; -0.00024371; 0.3127;,0
SVDNB_j01_d20190310_t1110277_e1111504_b06769_c20200827065930552485_nobc_ops.h5,20190310,t1110277,e1111504,b06769_c20200827065930552485,3,0; 0; 0;,0
SVDNB_j01_d20190310_t1111517_e1113162_b06769_c20200827065934926990_nobc_ops.h5,20190310,t1111517,e1113162,b06769_c20200827065934926990,3,3.0755e-08; -0.00010298; 0.14403;,0
SVDNB_j01_d20190310_t1251260_e1252505_b06770_c20200827071404273258_nobc_ops.h5,20190310,t1251260,e1252505,b06770_c20200827071404273258,3,2.2489e-08; -9.6173e-05; 0.15229;,0
SVDNB_j01_d20190310_t1252518_e1254163_b06770_c20200827071404273258_nobc_ops.h5,20190310,t1252518,e1254163,b06770_c20200827071404273258,3,4.4856e-08; -0.00012173; 0.14645;,0
SVDNB_j01_d20190311_t1232309_e1233554_b06784_c20200828062727109198_nobc_ops.h5,20190311,t1232309,e1233554,b06784_c20200828062727109198,3,4.6921e-08; -0.0001323; 0.15818;,0
SVDNB_j01_d20190311_t1233566_e1235212_b06784_c20200828062727109198_nobc_ops.h5,20190311,t1233566,e1235212,b06784_c20200828062727109198,3,5.0688e-08; -0.0001367; 0.15134;,0
SVDNB_j01_d20190310_t1111517_e1113162_b06769_c20200827065934926990_nobc_ops.h5,20190310,t1111517,e1113162,b06769_c20200827065934926990,3,3.0755e-08; -0.00010298; 0.14403;,0
SVDNB_j01_d20190310_t1251260_e1252505_b06770_c20200827071404273258_nobc_ops.h5,20190310,t1251260,e1252505,b06770_c20200827071404273258,3,2.2489e-08; -9.6173e-05; 0.15229;,0
SVDNB_j01_d20190310_t1252518_e1254163_b06770_c20200827071404273258_nobc_ops.h5,20190310,t1252518,e1254163,b06770_c20200827071404273258,3,4.4856e-08; -0.00012173; 0.14645;,0
SVDNB_j01_d20190311_t1232309_e1233554_b06784_c20200828062727109198_nobc_ops.h5,20190311,t1232309,e1233554,b06784_c20200828062727109198,3,4.6921e-08; -0.0001323; 0.15818;,0
SVDNB_j01_d20190311_t1233566_e1235212_b06784_c20200828062727109198_nobc_ops.h5,20190311,t1233566,e1235212,b06784_c20200828062727109198,3,5.0688e-08; -0.0001367; 0.15134;,0
SVDNB_j01_d20190311_t1412052_e1413298_b06785_c20200828064024097885_nobc_ops.h5,20190311,t1412052,e1413298,b06785_c20200828064024097885,3,6.2188e-08; -0.00013321; 0.14706;,0
SVDNB_j01_d20190310_t1111517_e1113162_b06769_c20200827065934926990_nobc_ops.h5,20190310,t1111517,e1113162,b06769_c20200827065934926990,3,3.0755e-08; -0.00010298; 0.14403;,0
SVDNB_j01_d20190310_t1251260_e1252505_b06770_c20200827071404273258_nobc_ops.h5,20190310,t1251260,e1252505,b06770_c20200827071404273258,3,2.2489e-08; -9.6173e-05; 0.15229;,0
SVDNB_j01_d20190310_t1252518_e1254163_b06770_c20200827071404273258_nobc_ops.h5,20190310,t1252518,e1254163,b06770_c20200827071404273258,3,4.4856e-08; -0.00012173; 0.14645;,0
SVDNB_j01_d20190311_t1232309_e1233554_b06784_c20200828062727109198_nobc_ops.h5,20190311,t1232309,e1233554,b06784_c20200828062727109198,3,4.6921e-08; -0.0001323; 0.15818;,0
SVDNB_j01_d20190311_t1233566_e1235212_b06784_c20200828062727109198_nobc_ops.h5,20190311,t1233566,e1235212,b06784_c20200828062727109198,3,5.0688e-08; -0.0001367; 0.15134;,0
SVDNB_j01_d20190311_t1412052_e1413298_b06785_c20200828064024097885_nobc_ops.h5,20190311,t1412052,e1413298,b06785_c20200828064024097885,3,6.2188e-08; -0.00013321; 0.14706;,0
SVDNB_j01_d20190310_t1111517_e1113162_b06769_c20200827065934926990_nobc_ops.h5,20190310,t1111517,e1113162,b06769_c20200827065934926990,3,3.0755e-08; -0.00010298; 0.14403;,0
SVDNB_j01_d20190310_t1251260_e1252505_b06770_c20200827071404273258_nobc_ops.h5,20190310,t1251260,e1252505,b06770_c20200827071404273258,3,2.2489e-08; -9.6173e-05; 0.15229;,0
SVDNB_j01_d20190310_t1252518_e1254163_b06770_c20200827071404273258_nobc_ops.h5,20190310,t1252518,e1254163,b06770_c20200827071404273258,3,4.4856e-08; -0.00012173; 0.14645;,0
SVDNB_j01_d20190311_t1232309_e1233554_b06784_c20200828062727109198_nobc_ops.h5,20190311,t1232309,e1233554,b06784_c20200828062727109198,3,4.6921e-08; -0.0001323; 0.15818;,0
SVDNB_j01_d20190311_t1233566_e1235212_b06784_c20200828062727109198_nobc_ops.h5,20190311,t1233566,e1235212,b06784_c20200828062727109198,3,5.0688e-08; -0.0001367; 0.15134;,0
SVDNB_j01_d20190311_t1412052_e1413298_b06785_c20200828064024097885_nobc_ops.h5,20190311,t1412052,e1413298,b06785_c20200828064024097885,3,6.2188e-08; -0.00013321; 0.14706;,0
SVDNB_j01_d20190310_t1111517_e1113162_b06769_c20200827065934926990_nobc_ops.h5,20190310,t1111517,e1113162,b06769_c20200827065934926990,3,3.0755e-08; -0.00010298; 0.14403;,0
SVDNB_j01_d20190310_t1251260_e1252505_b06770_c20200827071404273258_nobc_ops.h5,20190310,t1251260,e1252505,b06770_c20200827071404273258,3,2.2489e-08; -9.6173e-05; 0.15229;,0
SVDNB_j01_d20190310_t1252518_e1254163_b06770_c20200827071404273258_nobc_ops.h5,20190310,t1252518,e1254163,b06770_c20200827071404273258,3,4.4856e-08; -0.00012173; 0.14645;,0
SVDNB_j01_d20190311_t1232309_e1233554_b06784_c20200828062727109198_nobc_ops.h5,20190311,t1232309,e1233554,b06784_c20200828062727109198,3,4.6921e-08; -0.0001323; 0.15818;,0
SVDNB_j01_d20190311_t1233566_e1235212_b06784_c20200828062727109198_nobc_ops.h5,20190311,t1233566,e1235212,b06784_c20200828062727109198,3,5.0688e-08; -0.0001367; 0.15134;,0
SVDNB_j01_d20190311_t1412052_e1413298_b06785_c20200828064024097885_nobc_ops.h5,20190311,t1412052,e1413298,b06785_c20200828064024097885,3,6.2188e-08; -0.00013321; 0.14706;,0
SVDNB_j01_d20190310_t1111517_e1113162_b06769_c20200827065934926990_nobc_ops.h5,20190310,t1111517,e1113162,b06769_c20200827065934926990,3,3.0755e-08; -0.00010298; 0.14403;,0
SVDNB_j01_d20190310_t1251260_e1252505_b06770_c20200827071404273258_nobc_ops.h5,20190310,t1251260,e1252505,b06770_c20200827071404273258,3,2.2489e-08; -9.6173e-05; 0.15229;,0
SVDNB_j01_d20190310_t1252518_e1254163_b06770_c20200827071404273258_nobc_ops.h5,20190310,t1252518,e1254163,b06770_c20200827071404273258,3,4.4856e-08; -0.00012173; 0.14645;,0
SVDNB_j01_d20190311_t1232309_e1233554_b06784_c20200828062727109198_nobc_ops.h5,20190311,t1232309,e1233554,b06784_c20200828062727109198,3,4.6921e-08; -0.0001323; 0.15818;,0
SVDNB_j01_d20190311_t1233566_e1235212_b06784_c20200828062727109198_nobc_ops.h5,20190311,t1233566,e1235212,b06784_c20200828062727109198,3,5.0688e-08; -0.0001367; 0.15134;,0
SVDNB_j01_d20190311_t1412052_e1413298_b06785_c20200828064024097885_nobc_ops.h5,20190311,t1412052,e1413298,b06785_c20200828064024097885,3,6.2188e-08; -0.00013321; 0.14706;,0
SVDNB_j01_d20190310_t1111517_e1113162_b06769_c20200827065934926990_nobc_ops.h5,20190310,t1111517,e1113162,b06769_c20200827065934926990,3,3.0755e-08; -0.00010298; 0.14403;,0
SVDNB_j01_d20190310_t1251260_e1252505_b06770_c20200827071404273258_nobc_ops.h5,20190310,t1251260,e1252505,b06770_c20200827071404273258,3,2.2489e-08; -9.6173e-05; 0.15229;,0
SVDNB_j01_d20190310_t1252518_e1254163_b06770_c20200827071404273258_nobc_ops.h5,20190310,t1252518,e1254163,b06770_c20200827071404273258,3,4.4856e-08; -0.00012173; 0.14645;,0
SVDNB_j01_d20190311_t1232309_e1233554_b06784_c20200828062727109198_nobc_ops.h5,20190311,t1232309,e1233554,b06784_c20200828062727109198,3,4.6921e-08; -0.0001323; 0.15818;,0
SVDNB_j01_d20190311_t1233566_e1235212_b06784_c20200828062727109198_nobc_ops.h5,20190311,t1233566,e1235212,b06784_c20200828062727109198,3,5.0688e-08; -0.0001367; 0.15134;,0
SVDNB_j01_d20190311_t1412052_e1413298_b06785_c20200828064024097885_nobc_ops.h5,20190311,t1412052,e1413298,b06785_c20200828064024097885,3,6.2188e-08; -0.00013321; 0.14706;,0
SVDNB_j01_d20190310_t1111517_e1113162_b06769_c20200827065934926990_nobc_ops.h5,20190310,t1111517,e1113162,b06769_c20200827065934926990,3,2.8338e-08; -9.827e-05; 0.14159;,0
SVDNB_j01_d20190310_t1251260_e1252505_b06770_c20200827071404273258_nobc_ops.h5,20190310,t1251260,e1252505,b06770_c20200827071404273258,3,1.1397e-08; -8.0963e-05; 0.14785;,0
SVDNB_j01_d20190310_t1252518_e1254163_b06770_c20200827071404273258_nobc_ops.h5,20190310,t1252518,e1254163,b06770_c20200827071404273258,3,3.9425e-08; -0.00011312; 0.14303;,0
SVDNB_j01_d20190311_t1232309_e1233554_b06784_c20200828062727109198_nobc_ops.h5,20190311,t1232309,e1233554,b06784_c20200828062727109198,3,3.9157e-08; -0.00012067; 0.15402;,0
SVDNB_j01_d20190311_t1233566_e1235212_b06784_c20200828062727109198_nobc_ops.h5,20190311,t1233566,e1235212,b06784_c20200828062727109198,3,3.8997e-08; -0.00011895; 0.14484;,0
SVDNB_j01_d20190311_t1412052_e1413298_b06785_c20200828064024097885_nobc_ops.h5,20190311,t1412052,e1413298,b06785_c20200828064024097885,3,5.7045e-08; -0.00012358; 0.14224;,0
SVDNB_j01_d20190310_t1111517_e1113162_b06769_c20200827065934926990_nobc_ops.h5,20190310,t1111517,e1113162,b06769_c20200827065934926990,3,2.9126e-08; -9.9809e-05; 0.14239;,0
SVDNB_j01_d20190310_t1251260_e1252505_b06770_c20200827071404273258_nobc_ops.h5,20190310,t1251260,e1252505,b06770_c20200827071404273258,3,1.2125e-08; -8.2388e-05; 0.1486;,0
SVDNB_j01_d20190310_t1252518_e1254163_b06770_c20200827071404273258_nobc_ops.h5,20190310,t1252518,e1254163,b06770_c20200827071404273258,3,4.0055e-08; -0.00011435; 0.14368;,0
SVDNB_j01_d20190311_t1232309_e1233554_b06784_c20200828062727109198_nobc_ops.h5,20190311,t1232309,e1233554,b06784_c20200828062727109198,3,3.9792e-08; -0.00012191; 0.15468;,0
SVDNB_j01_d20190311_t1233566_e1235212_b06784_c20200828062727109198_nobc_ops.h5,20190311,t1233566,e1235212,b06784_c20200828062727109198,3,4.0136e-08; -0.00012118; 0.14602;,0
SVDNB_j01_d20190311_t1412052_e1413298_b06785_c20200828064024097885_nobc_ops.h5,20190311,t1412052,e1413298,b06785_c20200828064024097885,3,5.8129e-08; -0.00012571; 0.14338;,0
SVDNB_j01_d20190310_t1111517_e1113162_b06769_c20200827065934926990_nobc_ops.h5,20190310,t1111517,e1113162,b06769_c20200827065934926990,3,3.1392e-08; -0.00010426; 0.14475;,0
SVDNB_j01_d20190310_t1251260_e1252505_b06770_c20200827071404273258_nobc_ops.h5,20190310,t1251260,e1252505,b06770_c20200827071404273258,3,1.4919e-08; -8.7896e-05; 0.15152;,0
SVDNB_j01_d20190310_t1252518_e1254163_b06770_c20200827071404273258_nobc_ops.h5,20190310,t1252518,e1254163,b06770_c20200827071404273258,3,4.1983e-08; -0.00011816; 0.1457;,0
SVDNB_j01_d20190311_t1232309_e1233554_b06784_c20200828062727109198_nobc_ops.h5,20190311,t1232309,e1233554,b06784_c20200828062727109198,3,4.1888e-08; -0.00012605; 0.15687;,0
SVDNB_j01_d20190311_t1233566_e1235212_b06784_c20200828062727109198_nobc_ops.h5,20190311,t1233566,e1235212,b06784_c20200828062727109198,3,4.3049e-08; -0.00012693; 0.14907;,0
SVDNB_j01_d20190311_t1412052_e1413298_b06785_c20200828064024097885_nobc_ops.h5,20190311,t1412052,e1413298,b06785_c20200828064024097885,3,6.2023e-08; -0.00013343; 0.14751;,0
SVDNB_j01_d20190310_t1111517_e1113162_b06769_c20200827065934926990_nobc_ops.h5,20190310,t1111517,e1113162,b06769_c20200827065934926990,3,3.5784e-08; -0.00011299; 0.14949;,0
SVDNB_j01_d20190310_t1251260_e1252505_b06770_c20200827071404273258_nobc_ops.h5,20190310,t1251260,e1252505,b06770_c20200827071404273258,3,1.9945e-08; -9.7929e-05; 0.15698;,0
SVDNB_j01_d20190310_t1252518_e1254163_b06770_c20200827071404273258_nobc_ops.h5,20190310,t1252518,e1254163,b06770_c20200827071404273258,3,4.5733e-08; -0.00012564; 0.14978;,0
SVDNB_j01_d20190311_t1232309_e1233554_b06784_c20200828062727109198_nobc_ops.h5,20190311,t1232309,e1233554,b06784_c20200828062727109198,3,4.4581e-08; -0.00013143; 0.1598;,0
SVDNB_j01_d20190311_t1233566_e1235212_b06784_c20200828062727109198_nobc_ops.h5,20190311,t1233566,e1235212,b06784_c20200828062727109198,3,4.6585e-08; -0.00013398; 0.1529;,0
SVDNB_j01_d20190311_t1412052_e1413298_b06785_c20200828064024097885_nobc_ops.h5,20190311,t1412052,e1413298,b06785_c20200828064024097885,3,6.4447e-08; -0.00013826; 0.15014;,0
SVDNB_j01_d20190310_t1111517_e1113162_b06769_c20200827065934926990_nobc_ops.h5,20190310,t1111517,e1113162,b06769_c20200827065934926990,3,2.9126e-08; -9.9809e-05; 0.14239;,0
SVDNB_j01_d20190310_t1251260_e1252505_b06770_c20200827071404273258_nobc_ops.h5,20190310,t1251260,e1252505,b06770_c20200827071404273258,3,1.2125e-08; -8.2388e-05; 0.1486;,0
SVDNB_j01_d20190310_t1252518_e1254163_b06770_c20200827071404273258_nobc_ops.h5,20190310,t1252518,e1254163,b06770_c20200827071404273258,3,4.0055e-08; -0.00011435; 0.14368;,0
SVDNB_j01_d20190311_t1232309_e1233554_b06784_c20200828062727109198_nobc_ops.h5,20190311,t1232309,e1233554,b06784_c20200828062727109198,3,3.9792e-08; -0.00012191; 0.15468;,0
SVDNB_j01_d20190311_t1233566_e1235212_b06784_c20200828062727109198_nobc_ops.h5,20190311,t1233566,e1235212,b06784_c20200828062727109198,3,4.0136e-08; -0.00012118; 0.14602;,0
SVDNB_j01_d20190311_t1412052_e1413298_b06785_c20200828064024097885_nobc_ops.h5,20190311,t1412052,e1413298,b06785_c20200828064024097885,3,5.8129e-08; -0.00012571; 0.14338;,0
SVDNB_j01_d20190311_t1413310_e1414555_b06785_c20200828064029580551_nobc_ops.h5,20190311,t1413310,e1414555,b06785_c20200828064029580551,3,1.8647e-08; -6.9715e-05; 0.12647;,0
SVDNB_j01_d20190312_t1213358_e1215003_b06798_c20200828181147657758_nobc_ops.h5,20190312,t1213358,e1215003,b06798_c20200828181147657758,3,1.7676e-08; -7.8437e-05; 0.12424;,0
SVDNB_j01_d20190312_t1215015_e1216260_b06798_c20200828181147657758_nobc_ops.h5,20190312,t1215015,e1216260,b06798_c20200828181147657758,3,3.375e-08; -0.00010082; 0.12627;,0
SVDNB_j01_d20190312_t1353101_e1354346_b06799_c20200828182715725710_nobc_ops.h5,20190312,t1353101,e1354346,b06799_c20200828182715725710,3,3.5709e-08; -0.00010846; 0.13806;,0
SVDNB_j01_d20190312_t1354359_e1356004_b06799_c20200828182715725710_nobc_ops.h5,20190312,t1354359,e1356004,b06799_c20200828182715725710,3,2.4846e-08; -8.7346e-05; 0.12856;,0
SVDNB_j01_d20190313_t1154406_e1156052_b06812_c20200829001520651198_nobc_ops.h5,20190313,t1154406,e1156052,b06812_c20200829001520651198,3,2.3047e-08; -8.7253e-05; 0.12348;,0
SVDNB_j01_d20190311_t1413310_e1414555_b06785_c20200828064029580551_nobc_ops.h5,20190311,t1413310,e1414555,b06785_c20200828064029580551,3,2.7078e-08; -8.2868e-05; 0.13152;,0
SVDNB_j01_d20190312_t1213358_e1215003_b06798_c20200828181147657758_nobc_ops.h5,20190312,t1213358,e1215003,b06798_c20200828181147657758,3,2.7011e-08; -9.2901e-05; 0.12974;,0
SVDNB_j01_d20190312_t1215015_e1216260_b06798_c20200828181147657758_nobc_ops.h5,20190312,t1215015,e1216260,b06798_c20200828181147657758,3,4.2446e-08; -0.00011423; 0.13133;,0
SVDNB_j01_d20190312_t1353101_e1354346_b06799_c20200828182715725710_nobc_ops.h5,20190312,t1353101,e1354346,b06799_c20200828182715725710,3,4.5761e-08; -0.00012324; 0.14314;,0
SVDNB_j01_d20190312_t1354359_e1356004_b06799_c20200828182715725710_nobc_ops.h5,20190312,t1354359,e1356004,b06799_c20200828182715725710,3,3.6645e-08; -0.0001058; 0.13569;,0
SVDNB_j01_d20190313_t1154406_e1156052_b06812_c20200829001520651198_nobc_ops.h5,20190313,t1154406,e1156052,b06812_c20200829001520651198,3,3.518e-08; -0.0001068; 0.13142;,0
SVDNB_j01_d20190311_t1413310_e1414555_b06785_c20200828064029580551_nobc_ops.h5,20190311,t1413310,e1414555,b06785_c20200828064029580551,3,2.7078e-08; -8.2868e-05; 0.13152;,0
SVDNB_j01_d20190312_t1213358_e1215003_b06798_c20200828181147657758_nobc_ops.h5,20190312,t1213358,e1215003,b06798_c20200828181147657758,3,2.7011e-08; -9.2901e-05; 0.12974;,0
SVDNB_j01_d20190312_t1215015_e1216260_b06798_c20200828181147657758_nobc_ops.h5,20190312,t1215015,e1216260,b06798_c20200828181147657758,3,4.2446e-08; -0.00011423; 0.13133;,0
SVDNB_j01_d20190312_t1353101_e1354346_b06799_c20200828182715725710_nobc_ops.h5,20190312,t1353101,e1354346,b06799_c20200828182715725710,3,4.5761e-08; -0.00012324; 0.14314;,0
SVDNB_j01_d20190312_t1354359_e1356004_b06799_c20200828182715725710_nobc_ops.h5,20190312,t1354359,e1356004,b06799_c20200828182715725710,3,3.6645e-08; -0.0001058; 0.13569;,0
SVDNB_j01_d20190313_t1154406_e1156052_b06812_c20200829001520651198_nobc_ops.h5,20190313,t1154406,e1156052,b06812_c20200829001520651198,3,3.518e-08; -0.0001068; 0.13142;,0
SVDNB_j01_d20190311_t1413310_e1414555_b06785_c20200828064029580551_nobc_ops.h5,20190311,t1413310,e1414555,b06785_c20200828064029580551,3,2.3486e-08; -7.5791e-05; 0.1278;,0
SVDNB_j01_d20190312_t1213358_e1215003_b06798_c20200828181147657758_nobc_ops.h5,20190312,t1213358,e1215003,b06798_c20200828181147657758,3,2.3382e-08; -8.5678e-05; 0.1259;,0
SVDNB_j01_d20190312_t1215015_e1216260_b06798_c20200828181147657758_nobc_ops.h5,20190312,t1215015,e1216260,b06798_c20200828181147657758,3,3.8852e-08; -0.00010713; 0.12759;,0
SVDNB_j01_d20190312_t1353101_e1354346_b06799_c20200828182715725710_nobc_ops.h5,20190312,t1353101,e1354346,b06799_c20200828182715725710,3,4.2688e-08; -0.00011728; 0.14006;,0
SVDNB_j01_d20190312_t1354359_e1356004_b06799_c20200828182715725710_nobc_ops.h5,20190312,t1354359,e1356004,b06799_c20200828182715725710,3,3.1751e-08; -9.6142e-05; 0.1306;,0
SVDNB_j01_d20190313_t1154406_e1156052_b06812_c20200829001520651198_nobc_ops.h5,20190313,t1154406,e1156052,b06812_c20200829001520651198,3,2.923e-08; -9.5059e-05; 0.12523;,0
SVDNB_j01_d20190313_t1156064_e1157309_b06812_c20200828235613612302_nobc_ops.h5,20190313,t1156064,e1157309,b06812_c20200828235613612302,3,4.0807e-08; -0.00011455; 0.12827;,0
SVDNB_j01_d20190313_t1335408_e1337053_b06813_c20200828220408042545_nobc_ops.h5,20190313,t1335408,e1337053,b06813_c20200828220408042545,3,4.9915e-08; -0.00013882; 0.15025;,0
SVDNB_j01_d20190313_t1337065_e1338292_b06813_c20200828220408042545_nobc_ops.h5,20190313,t1337065,e1338292,b06813_c20200828220408042545,3,0; 0; 0;,0
SVDNB_j01_d20190313_t1156064_e1157309_b06812_c20200828235613612302_nobc_ops.h5,20190313,t1156064,e1157309,b06812_c20200828235613612302,3,4.0807e-08; -0.00011455; 0.12827;,0
SVDNB_j01_d20190313_t1335408_e1337053_b06813_c20200828220408042545_nobc_ops.h5,20190313,t1335408,e1337053,b06813_c20200828220408042545,3,4.9915e-08; -0.00013882; 0.15025;,0
SVDNB_j01_d20190313_t1156064_e1157309_b06812_c20200828235613612302_nobc_ops.h5,20190313,t1156064,e1157309,b06812_c20200828235613612302,3,4.0807e-08; -0.00011455; 0.12827;,0
SVDNB_j01_d20190313_t1335408_e1337053_b06813_c20200828220408042545_nobc_ops.h5,20190313,t1335408,e1337053,b06813_c20200828220408042545,3,4.9915e-08; -0.00013882; 0.15025;,0
SVDNB_j01_d20190313_t1156064_e1157309_b06812_c20200828235613612302_nobc_ops.h5,20190313,t1156064,e1157309,b06812_c20200828235613612302,3,4.0807e-08; -0.00011455; 0.12827;,0
SVDNB_j01_d20190313_t1335408_e1337053_b06813_c20200828220408042545_nobc_ops.h5,20190313,t1335408,e1337053,b06813_c20200828220408042545,3,4.9915e-08; -0.00013882; 0.15025;,0
SVDNB_j01_d20190313_t1156064_e1157309_b06812_c20200828235613612302_nobc_ops.h5,20190313,t1156064,e1157309,b06812_c20200828235613612302,3,3.6841e-08; -0.00010648; 0.12389;,0
SVDNB_j01_d20190313_t1335408_e1337053_b06813_c20200828220408042545_nobc_ops.h5,20190313,t1335408,e1337053,b06813_c20200828220408042545,3,4.8003e-08; -0.00013494; 0.14814;,0
SVDNB_j01_d20190313_t1156064_e1157309_b06812_c20200828235613612302_nobc_ops.h5,20190313,t1156064,e1157309,b06812_c20200828235613612302,3,3.7197e-08; -0.0001072; 0.12428;,0
SVDNB_j01_d20190313_t1335408_e1337053_b06813_c20200828220408042545_nobc_ops.h5,20190313,t1335408,e1337053,b06813_c20200828220408042545,3,4.8403e-08; -0.00013575; 0.14859;,0
SVDNB_j01_d20190313_t1156064_e1157309_b06812_c20200828235613612302_nobc_ops.h5,20190313,t1156064,e1157309,b06812_c20200828235613612302,3,3.8336e-08; -0.00010953; 0.12556;,0
SVDNB_j01_d20190313_t1335408_e1337053_b06813_c20200828220408042545_nobc_ops.h5,20190313,t1335408,e1337053,b06813_c20200828220408042545,3,4.9557e-08; -0.00013811; 0.14988;,0
SVDNB_j01_d20190313_t1156064_e1157309_b06812_c20200828235613612302_nobc_ops.h5,20190313,t1156064,e1157309,b06812_c20200828235613612302,3,3.6841e-08; -0.00010648; 0.12389;,0
SVDNB_j01_d20190313_t1335408_e1337053_b06813_c20200828220408042545_nobc_ops.h5,20190313,t1335408,e1337053,b06813_c20200828220408042545,3,4.8003e-08; -0.00013494; 0.14814; ,0
